Brand,Ink,Hue,Size,Capacity
De Atramentis,Black-Brown,Brown,Sample,2ml
De Atramentis,Oriental Red,Red,Sample,2ml
Diamine,Eau de Nil,Teal,Bottle,30ml
Diamine,Marine,Teal,Bottle,30ml
Diamine,Grey,Gray,Bottle,30ml
Diamine,Graphite,Gray,Bottle,30ml
Diamine,Syrah,Red,Bottle,30ml
Diamine,Twilight,Blue-Black,Bottle,30ml
Diamine,Eclipse,Blue-Black,Bottle,30ml
Diamine,Ancient Copper,Orange,Bottle,30ml
Diamine,Jade Green,Green,Bottle,30ml
Diamine,Blue Velvet,Blue,Bottle,40ml
Diamine,Chocolate Brown,Brown,Sample,2ml
Diamine,Macassar,Brown,Sample,2ml
Diamine,Ochre,Brown,Sample,2ml
Diamine,Majestic Blue,Blue,Sample,2ml
Diamine,Damson,Blue,Sample,2ml
Diamine,Asa Blue,Blue,Sample,2ml
Diamine,Burnt Sienna,Brown,Sample,2ml
Diamine,Terra Cotta,Brown,Sample,2ml
Faber Castell,Hazelnut Brown,Brown,Sample,2ml
J. Herbin,Rouille d’Ancre,Red,Bottle,30ml
J. Herbin,Poussiere de Lune,Purple,Sample,2ml
J. Herbin,Rose Cyclamen,Pink,Sample,2ml
J. Herbin,Éclat de Saphir,Blue,Sample,2ml
J. Herbin,Bleu Pervenche,Blue,Sample,2ml
J. Herbin,Lie de The,Brown,Sample,2ml
J. Herbin,Cafe des Iles,Brown,Sample,2ml
J. Herbin,Tierre de Feu,Brown,Sample,2ml
Kyo Ro,Keage (Cherry Blossom),Pink,Sample,2ml
Monteverde,Capri Blue,Blue,Sample,2ml
Noodler’s,Blue Upon the Plains of Abraham,Blue,Bottle,3oz
Noodler’s,Purple Martin,Purple,Bottle,3oz
Noodler’s,Squeteague,Teal,Bottle,3oz
Noodler’s,Raven,Black,Bottle,3oz
Noodler’s,Black Swan in Australian Roses,Red,Sample,2ml
Noodler’s,Kiowa Pecan,Brown,Sample,2ml
Noodler’s,Brown,Brown,Sample,2ml
Noodler’s,Brown,Brown,Sample,2ml
Noodler’s,Walnut,Brown,Sample,2ml
Pilot Iroshizuku,Asa-Gao,Blue,Bottle,50ml
Pilot Iroshizuku,Murasaki-shikibu,Purple,Sample,2ml
Platinum Classic,Lavender Black,Purple,Sample,2ml
Private Reserve,Tanzanite,Purple,Bottle,66ml
Robert Oster,Cherry Blossom,Pink,Sample,2ml
Robert Oster,Fire and Ice,Blue,Sample,2ml
Robert Oster,Blue Water Ice,Blue,Sample,2ml
Rohrer & Klingner,Scabiosa (Iron Gall),Purple,Sample,2ml
Rohrer & Klingner,Alt-Goldgrun,Green,Sample,2ml
Noodler’s,Cactus Fruit Eel,Purple,Sample,2ml
Sailor Jentile,Sky High,Blue,Sample,2ml
